{
  "version": "2024.1",
  "applications": [],
  "platforms": [
    {
      "name": "AudioProcessing"
    }
  ],
  "systems": [
    {
      "name": "Synthesizer_APP_system",
      "platform": "C:/PXL/Audio_Processing/Synthesizer/Vitis/AudioProcessing/export/AudioProcessing/AudioProcessing.xpfm",
      "sysConfig": "AudioProcessing",
      "buildConfig": "Debug",
      "applications": [
        {
          "name": "Synthesizer_APP",
          "platform": "C:/PXL/Audio_Processing/Synthesizer/Vitis/AudioProcessing/export/AudioProcessing/AudioProcessing.xpfm",
          "platformPath": "C:\\ProjectenVivado\\AudioProcessing\\Synthesizer\\AudioProcessing\\export\\AudioProcessing",
          "sysConfig": "AudioProcessing",
          "domain": "standalone_ps7_cortexa9_0",
          "system": "Synthesizer_APP_system"
        }
      ],
      "platformPath": "C:\\ProjectenVivado\\AudioProcessing\\Synthesizer\\AudioProcessing\\export\\AudioProcessing"
    }
  ],
  "others": []
}